date,medical_cpi,medical_cpi_last_year,yoy_pct_change
1947-01-01,13.2,,
1947-02-01,13.3,,
1947-03-01,13.3,,
1947-04-01,13.4,,
1947-05-01,13.5,,
1947-06-01,13.5,,
1947-07-01,13.5,,
1947-08-01,13.6,,
1947-09-01,13.7,,
1947-10-01,13.8,,
1947-11-01,13.8,,
1947-12-01,13.9,,
1948-01-01,14.0,13.2,6.06
1948-02-01,14.0,13.3,5.26
1948-03-01,14.1,13.3,6.02
1948-04-01,14.3,13.4,6.72
1948-05-01,14.3,13.5,5.93
1948-06-01,14.4,13.5,6.67
1948-07-01,14.5,13.5,7.41
1948-08-01,14.6,13.6,7.35
1948-09-01,14.5,13.7,5.84
1948-10-01,14.6,13.8,5.8
1948-11-01,14.7,13.8,6.52
1948-12-01,14.7,13.9,5.76
1949-01-01,14.7,14.0,5.0
1949-02-01,14.8,14.0,5.71
1949-03-01,14.8,14.1,4.96
1949-04-01,14.8,14.3,3.5
1949-05-01,14.8,14.3,3.5
1949-06-01,14.8,14.4,2.78
1949-07-01,14.8,14.5,2.07
1949-08-01,14.9,14.6,2.05
1949-09-01,14.9,14.5,2.76
1949-10-01,14.9,14.6,2.05
1949-11-01,14.9,14.7,1.36
1949-12-01,14.9,14.7,1.36
1950-01-01,14.9,14.7,1.36
1950-02-01,15.0,14.8,1.35
1950-03-01,14.9,14.8,0.68
1950-04-01,15.0,14.8,1.35
1950-05-01,15.0,14.8,1.35
1950-06-01,15.0,14.8,1.35
1950-07-01,15.1,14.8,2.03
1950-08-01,15.1,14.9,1.34
1950-09-01,15.2,14.9,2.01
1950-10-01,15.3,14.9,2.68
1950-11-01,15.3,14.9,2.68
1950-12-01,15.4,14.9,3.36
1951-01-01,15.4,14.9,3.36
1951-02-01,15.5,15.0,3.33
1951-03-01,15.7,14.9,5.37
1951-04-01,15.7,15.0,4.67
1951-05-01,15.8,15.0,5.33
1951-06-01,15.8,15.0,5.33
1951-07-01,15.8,15.1,4.64
1951-08-01,15.9,15.1,5.3
1951-09-01,15.9,15.2,4.61
1951-10-01,16.0,15.3,4.58
1951-11-01,16.1,15.3,5.23
1951-12-01,16.3,15.4,5.84
1952-01-01,16.3,15.4,5.84
1952-02-01,16.4,15.5,5.81
1952-03-01,16.5,15.7,5.1
1952-04-01,16.5,15.7,5.1
1952-05-01,16.5,15.8,4.43
1952-06-01,16.8,15.8,6.33
1952-07-01,16.9,15.8,6.96
1952-08-01,16.9,15.9,6.29
1952-09-01,16.9,15.9,6.29
1952-10-01,16.9,16.0,5.62
1952-11-01,16.9,16.1,4.97
1952-12-01,17.0,16.3,4.29
1953-01-01,17.0,16.3,4.29
1953-02-01,17.0,16.4,3.66
1953-03-01,17.0,16.5,3.03
1953-04-01,17.1,16.5,3.64
1953-05-01,17.2,16.5,4.24
1953-06-01,17.3,16.8,2.98
1953-07-01,17.3,16.9,2.37
1953-08-01,17.4,16.9,2.96
1953-09-01,17.5,16.9,3.55
1953-10-01,17.5,16.9,3.55
1953-11-01,17.6,16.9,4.14
1953-12-01,17.6,17.0,3.53
1954-01-01,17.6,17.0,3.53
1954-02-01,17.7,17.0,4.12
1954-03-01,17.7,17.0,4.12
1954-04-01,17.8,17.1,4.09
1954-05-01,17.8,17.2,3.49
1954-06-01,17.8,17.3,2.89
1954-07-01,17.8,17.3,2.89
1954-08-01,17.9,17.4,2.87
1954-09-01,17.9,17.5,2.29
1954-10-01,17.9,17.5,2.29
1954-11-01,18.0,17.6,2.27
1954-12-01,18.0,17.6,2.27
1955-01-01,18.0,17.6,2.27
1955-02-01,18.1,17.7,2.26
1955-03-01,18.1,17.7,2.26
1955-04-01,18.1,17.8,1.69
1955-05-01,18.2,17.8,2.25
1955-06-01,18.2,17.8,2.25
1955-07-01,18.2,17.8,2.25
1955-08-01,18.3,17.9,2.23
1955-09-01,18.3,17.9,2.23
1955-10-01,18.4,17.9,2.79
1955-11-01,18.5,18.0,2.78
1955-12-01,18.6,18.0,3.33
1956-01-01,18.6,18.0,3.33
1956-02-01,18.7,18.1,3.31
1956-03-01,18.7,18.1,3.31
1956-04-01,18.8,18.1,3.87
1956-05-01,18.8,18.2,3.3
1956-06-01,18.8,18.2,3.3
1956-07-01,18.9,18.2,3.85
1956-08-01,19.0,18.3,3.83
1956-09-01,19.1,18.3,4.37
1956-10-01,19.1,18.4,3.8
1956-11-01,19.1,18.5,3.24
1956-12-01,19.2,18.6,3.23
1957-01-01,19.3,18.6,3.76
1957-02-01,19.3,18.7,3.21
1957-03-01,19.4,18.7,3.74
1957-04-01,19.5,18.8,3.72
1957-05-01,19.6,18.8,4.26
1957-06-01,19.7,18.8,4.79
1957-07-01,19.7,18.9,4.23
1957-08-01,19.8,19.0,4.21
1957-09-01,19.8,19.1,3.66
1957-10-01,19.9,19.1,4.19
1957-11-01,20.0,19.1,4.71
1957-12-01,20.1,19.2,4.69
1958-01-01,20.2,19.3,4.66
1958-02-01,20.2,19.3,4.66
1958-03-01,20.3,19.4,4.64
1958-04-01,20.4,19.5,4.62
1958-05-01,20.5,19.6,4.59
1958-06-01,20.6,19.7,4.57
1958-07-01,20.7,19.7,5.08
1958-08-01,20.7,19.8,4.55
1958-09-01,20.9,19.8,5.56
1958-10-01,21.0,19.9,5.53
1958-11-01,21.0,20.0,5.0
1958-12-01,21.1,20.1,4.98
1959-01-01,21.1,20.2,4.46
1959-02-01,21.2,20.2,4.95
1959-03-01,21.3,20.3,4.93
1959-04-01,21.3,20.4,4.41
1959-05-01,21.4,20.5,4.39
1959-06-01,21.5,20.6,4.37
1959-07-01,21.5,20.7,3.86
1959-08-01,21.6,20.7,4.35
1959-09-01,21.7,20.9,3.83
1959-10-01,21.7,21.0,3.33
1959-11-01,21.8,21.0,3.81
1959-12-01,21.8,21.1,3.32
1960-01-01,21.9,21.1,3.79
1960-02-01,22.0,21.2,3.77
1960-03-01,22.1,21.3,3.76
1960-04-01,22.2,21.3,4.23
1960-05-01,22.2,21.4,3.74
1960-06-01,22.2,21.5,3.26
1960-07-01,22.3,21.5,3.72
1960-08-01,22.3,21.6,3.24
1960-09-01,22.4,21.7,3.23
1960-10-01,22.4,21.7,3.23
1960-11-01,22.5,21.8,3.21
1960-12-01,22.6,21.8,3.67
1961-01-01,22.6,21.9,3.2
1961-02-01,22.7,22.0,3.18
1961-03-01,22.7,22.1,2.71
1961-04-01,22.8,22.2,2.7
1961-05-01,22.8,22.2,2.7
1961-06-01,22.9,22.2,3.15
1961-07-01,22.9,22.3,2.69
1961-08-01,23.0,22.3,3.14
1961-09-01,23.1,22.4,3.13
1961-10-01,23.1,22.4,3.13
1961-11-01,23.1,22.5,2.67
1961-12-01,23.2,22.6,2.65
1962-01-01,23.2,22.6,2.65
1962-02-01,23.3,22.7,2.64
1962-03-01,23.4,22.7,3.08
1962-04-01,23.4,22.8,2.63
1962-05-01,23.5,22.8,3.07
1962-06-01,23.5,22.9,2.62
1962-07-01,23.6,22.9,3.06
1962-08-01,23.6,23.0,2.61
1962-09-01,23.6,23.1,2.16
1962-10-01,23.7,23.1,2.6
1962-11-01,23.7,23.1,2.6
1962-12-01,23.8,23.2,2.59
1963-01-01,23.9,23.2,3.02
1963-02-01,23.9,23.3,2.58
1963-03-01,23.9,23.4,2.14
1963-04-01,23.9,23.4,2.14
1963-05-01,24.0,23.5,2.13
1963-06-01,24.1,23.5,2.55
1963-07-01,24.1,23.6,2.12
1963-08-01,24.2,23.6,2.54
1963-09-01,24.2,23.6,2.54
1963-10-01,24.2,23.7,2.11
1963-11-01,24.3,23.7,2.53
1963-12-01,24.3,23.8,2.1
1964-01-01,24.4,23.9,2.09
1964-02-01,24.4,23.9,2.09
1964-03-01,24.4,23.9,2.09
1964-04-01,24.5,23.9,2.51
1964-05-01,24.5,24.0,2.08
1964-06-01,24.6,24.1,2.07
1964-07-01,24.6,24.1,2.07
1964-08-01,24.7,24.2,2.07
1964-09-01,24.7,24.2,2.07
1964-10-01,24.7,24.2,2.07
1964-11-01,24.8,24.3,2.06
1964-12-01,24.8,24.3,2.06
1965-01-01,24.8,24.4,1.64
1965-02-01,24.9,24.4,2.05
1965-03-01,25.0,24.4,2.46
1965-04-01,25.0,24.5,2.04
1965-05-01,25.1,24.5,2.45
1965-06-01,25.1,24.6,2.03
1965-07-01,25.3,24.6,2.85
1965-08-01,25.3,24.7,2.43
1965-09-01,25.3,24.7,2.43
1965-10-01,25.4,24.7,2.83
1965-11-01,25.5,24.8,2.82
1965-12-01,25.5,24.8,2.82
1966-01-01,25.6,24.8,3.23
1966-02-01,25.6,24.9,2.81
1966-03-01,25.8,25.0,3.2
1966-04-01,25.9,25.0,3.6
1966-05-01,26.0,25.1,3.59
1966-06-01,26.1,25.1,3.98
1966-07-01,26.3,25.3,3.95
1966-08-01,26.4,25.3,4.35
1966-09-01,26.7,25.3,5.53
1966-10-01,26.9,25.4,5.91
1966-11-01,27.1,25.5,6.27
1966-12-01,27.2,25.5,6.67
1967-01-01,27.4,25.6,7.03
1967-02-01,27.5,25.6,7.42
1967-03-01,27.6,25.8,6.98
1967-04-01,27.8,25.9,7.34
1967-05-01,27.9,26.0,7.31
1967-06-01,28.1,26.1,7.66
1967-07-01,28.2,26.3,7.22
1967-08-01,28.3,26.4,7.2
1967-09-01,28.5,26.7,6.74
1967-10-01,28.7,26.9,6.69
1967-11-01,28.8,27.1,6.27
1967-12-01,29.0,27.2,6.62
1968-01-01,29.1,27.4,6.2
1968-02-01,29.2,27.5,6.18
1968-03-01,29.4,27.6,6.52
1968-04-01,29.5,27.8,6.12
1968-05-01,29.6,27.9,6.09
1968-06-01,29.7,28.1,5.69
1968-07-01,29.9,28.2,6.03
1968-08-01,30.0,28.3,6.01
1968-09-01,30.2,28.5,5.96
1968-10-01,30.4,28.7,5.92
1968-11-01,30.6,28.8,6.25
1968-12-01,30.8,29.0,6.21
1969-01-01,30.9,29.1,6.19
1969-02-01,31.2,29.2,6.85
1969-03-01,31.4,29.4,6.8
1969-04-01,31.6,29.5,7.12
1969-05-01,31.8,29.6,7.43
1969-06-01,31.9,29.7,7.41
1969-07-01,32.1,29.9,7.36
1969-08-01,32.2,30.0,7.33
1969-09-01,32.5,30.2,7.62
1969-10-01,32.3,30.4,6.25
1969-11-01,32.5,30.6,6.21
1969-12-01,32.6,30.8,5.84
1970-01-01,32.8,30.9,6.15
1970-02-01,33.0,31.2,5.77
1970-03-01,33.2,31.4,5.73
1970-04-01,33.5,31.6,6.01
1970-05-01,33.7,31.8,5.97
1970-06-01,33.9,31.9,6.27
1970-07-01,34.1,32.1,6.23
1970-08-01,34.3,32.2,6.52
1970-09-01,34.5,32.5,6.15
1970-10-01,34.6,32.3,7.12
1970-11-01,34.8,32.5,7.08
1970-12-01,35.1,32.6,7.67
1971-01-01,35.2,32.8,7.32
1971-02-01,35.4,33.0,7.27
1971-03-01,35.6,33.2,7.23
1971-04-01,35.8,33.5,6.87
1971-05-01,36.0,33.7,6.82
1971-06-01,36.2,33.9,6.78
1971-07-01,36.4,34.1,6.74
1971-08-01,36.5,34.3,6.41
1971-09-01,36.7,34.5,6.38
1971-10-01,36.5,34.6,5.49
1971-11-01,36.6,34.8,5.17
1971-12-01,36.7,35.1,4.56
1972-01-01,36.8,35.2,4.55
1972-02-01,36.9,35.4,4.24
1972-03-01,37.0,35.6,3.93
1972-04-01,37.1,35.8,3.63
1972-05-01,37.2,36.0,3.33
1972-06-01,37.3,36.2,3.04
1972-07-01,37.3,36.4,2.47
1972-08-01,37.4,36.5,2.47
1972-09-01,37.4,36.7,1.91
1972-10-01,37.8,36.5,3.56
1972-11-01,37.8,36.6,3.28
1972-12-01,37.9,36.7,3.27
1973-01-01,38.0,36.8,3.26
1973-02-01,38.1,36.9,3.25
1973-03-01,38.2,37.0,3.24
1973-04-01,38.3,37.1,3.23
1973-05-01,38.5,37.2,3.49
1973-06-01,38.6,37.3,3.49
1973-07-01,38.6,37.3,3.49
1973-08-01,38.7,37.4,3.48
1973-09-01,38.9,37.4,4.01
1973-10-01,39.6,37.8,4.76
1973-11-01,39.7,37.8,5.03
1973-12-01,39.9,37.9,5.28
1974-01-01,40.1,38.0,5.53
1974-02-01,40.3,38.1,5.77
1974-03-01,40.7,38.2,6.54
1974-04-01,41.0,38.3,7.05
1974-05-01,41.4,38.5,7.53
1974-06-01,42.1,38.6,9.07
1974-07-01,42.6,38.6,10.36
1974-08-01,43.2,38.7,11.63
1974-09-01,43.7,38.9,12.34
1974-10-01,44.1,39.6,11.36
1974-11-01,44.4,39.7,11.84
1974-12-01,44.8,39.9,12.28
1975-01-01,45.3,40.1,12.97
1975-02-01,45.8,40.3,13.65
1975-03-01,46.3,40.7,13.76
1975-04-01,46.7,41.0,13.9
1975-05-01,47.0,41.4,13.53
1975-06-01,47.4,42.1,12.59
1975-07-01,47.8,42.6,12.21
1975-08-01,48.1,43.2,11.34
1975-09-01,48.5,43.7,10.98
1975-10-01,48.9,44.1,10.88
1975-11-01,48.8,44.4,9.91
1975-12-01,49.3,44.8,10.04
1976-01-01,49.7,45.3,9.71
1976-02-01,50.2,45.8,9.61
1976-03-01,50.7,46.3,9.5
1976-04-01,51.0,46.7,9.21
1976-05-01,51.4,47.0,9.36
1976-06-01,51.8,47.4,9.28
1976-07-01,52.3,47.8,9.41
1976-08-01,52.6,48.1,9.36
1976-09-01,53.0,48.5,9.28
1976-10-01,53.2,48.9,8.79
1976-11-01,53.9,48.8,10.45
1976-12-01,54.2,49.3,9.94
1977-01-01,54.6,49.7,9.86
1977-02-01,54.9,50.2,9.36
1977-03-01,55.5,50.7,9.47
1977-04-01,56.0,51.0,9.8
1977-05-01,56.5,51.4,9.92
1977-06-01,57.0,51.8,10.04
1977-07-01,57.3,52.3,9.56
1977-08-01,57.7,52.6,9.7
1977-09-01,58.2,53.0,9.81
1977-10-01,58.4,53.2,9.77
1977-11-01,58.6,53.9,8.72
1977-12-01,59.0,54.2,8.86
1978-01-01,59.3,54.6,8.61
1978-02-01,59.9,54.9,9.11
1978-03-01,60.2,55.5,8.47
1978-04-01,60.7,56.0,8.39
1978-05-01,61.1,56.5,8.14
1978-06-01,61.5,57.0,7.89
1978-07-01,61.9,57.3,8.03
1978-08-01,62.4,57.7,8.15
1978-09-01,62.8,58.2,7.9
1978-10-01,63.3,58.4,8.39
1978-11-01,63.8,58.6,8.87
1978-12-01,64.1,59.0,8.64
1979-01-01,64.8,59.3,9.27
1979-02-01,65.2,59.9,8.85
1979-03-01,65.7,60.2,9.14
1979-04-01,66.1,60.7,8.9
1979-05-01,66.6,61.1,9.0
1979-06-01,67.1,61.5,9.11
1979-07-01,67.7,61.9,9.37
1979-08-01,68.2,62.4,9.29
1979-09-01,68.7,62.8,9.39
1979-10-01,69.2,63.3,9.32
1979-11-01,69.8,63.8,9.4
1979-12-01,70.6,64.1,10.14
1980-01-01,71.4,64.8,10.19
1980-02-01,72.3,65.2,10.89
1980-03-01,73.0,65.7,11.11
1980-04-01,73.6,66.1,11.35
1980-05-01,74.2,66.6,11.41
1980-06-01,74.7,67.1,11.33
1980-07-01,75.2,67.7,11.08
1980-08-01,75.6,68.2,10.85
1980-09-01,76.3,68.7,11.06
1980-10-01,76.9,69.2,11.13
1980-11-01,77.3,69.8,10.74
1980-12-01,77.8,70.6,10.2
1981-01-01,78.6,71.4,10.08
1981-02-01,79.2,72.3,9.54
1981-03-01,79.9,73.0,9.45
1981-04-01,80.7,73.6,9.65
1981-05-01,81.4,74.2,9.7
1981-06-01,82.3,74.7,10.17
1981-07-01,83.4,75.2,10.9
1981-08-01,84.3,75.6,11.51
1981-09-01,85.1,76.3,11.53
1981-10-01,85.9,76.9,11.7
1981-11-01,86.8,77.3,12.29
1981-12-01,87.5,77.8,12.47
1982-01-01,88.2,78.6,12.21
1982-02-01,88.8,79.2,12.12
1982-03-01,89.6,79.9,12.14
1982-04-01,90.5,80.7,12.14
1982-05-01,91.3,81.4,12.16
1982-06-01,92.2,82.3,12.03
1982-07-01,93.0,83.4,11.51
1982-08-01,93.9,84.3,11.39
1982-09-01,94.7,85.1,11.28
1982-10-01,95.5,85.9,11.18
1982-11-01,96.5,86.8,11.18
1982-12-01,97.2,87.5,11.09
1983-01-01,97.9,88.2,11.0
1983-02-01,98.8,88.8,11.26
1983-03-01,99.0,89.6,10.49
1983-04-01,99.4,90.5,9.83
1983-05-01,99.9,91.3,9.42
1983-06-01,100.4,92.2,8.89
1983-07-01,100.8,93.0,8.39
1983-08-01,101.4,93.9,7.99
1983-09-01,101.8,94.7,7.5
1983-10-01,102.3,95.5,7.12
1983-11-01,102.8,96.5,6.53
1983-12-01,103.4,97.2,6.38
1984-01-01,104.0,97.9,6.23
1984-02-01,105.0,98.8,6.28
1984-03-01,105.2,99.0,6.26
1984-04-01,105.8,99.4,6.44
1984-05-01,106.2,99.9,6.31
1984-06-01,106.7,100.4,6.27
1984-07-01,107.2,100.8,6.35
1984-08-01,107.7,101.4,6.21
1984-09-01,108.1,101.8,6.19
1984-10-01,108.7,102.3,6.26
1984-11-01,109.3,102.8,6.32
1984-12-01,109.8,103.4,6.19
1985-01-01,110.2,104.0,5.96
1985-02-01,110.8,105.0,5.52
1985-03-01,111.4,105.2,5.89
1985-04-01,112.0,105.8,5.86
1985-05-01,112.6,106.2,6.03
1985-06-01,113.3,106.7,6.19
1985-07-01,113.9,107.2,6.25
1985-08-01,114.6,107.7,6.41
1985-09-01,115.2,108.1,6.57
1985-10-01,115.8,108.7,6.53
1985-11-01,116.5,109.3,6.59
1985-12-01,117.1,109.8,6.65
1986-01-01,118.0,110.2,7.08
1986-02-01,118.8,110.8,7.22
1986-03-01,119.7,111.4,7.45
1986-04-01,120.4,112.0,7.5
1986-05-01,121.2,112.6,7.64
1986-06-01,121.8,113.3,7.5
1986-07-01,122.5,113.9,7.55
1986-08-01,123.2,114.6,7.5
1986-09-01,124.0,115.2,7.64
1986-10-01,124.7,115.8,7.69
1986-11-01,125.5,116.5,7.73
1986-12-01,126.2,117.1,7.77
1987-01-01,126.7,118.0,7.37
1987-02-01,127.2,118.8,7.07
1987-03-01,127.8,119.7,6.77
1987-04-01,128.6,120.4,6.81
1987-05-01,129.2,121.2,6.6
1987-06-01,130.0,121.8,6.73
1987-07-01,130.6,122.5,6.61
1987-08-01,131.2,123.2,6.49
1987-09-01,131.9,124.0,6.37
1987-10-01,132.4,124.7,6.17
1987-11-01,133.0,125.5,5.98
1987-12-01,133.5,126.2,5.78
1988-01-01,134.4,126.7,6.08
1988-02-01,135.2,127.2,6.29
1988-03-01,135.8,127.8,6.26
1988-04-01,136.7,128.6,6.3
1988-05-01,137.6,129.2,6.5
1988-06-01,138.3,130.0,6.38
1988-07-01,139.1,130.6,6.51
1988-08-01,139.8,131.2,6.55
1988-09-01,140.5,131.9,6.52
1988-10-01,141.4,132.4,6.8
1988-11-01,142.0,133.0,6.77
1988-12-01,142.7,133.5,6.89
1989-01-01,143.8,134.4,6.99
1989-02-01,144.9,135.2,7.17
1989-03-01,145.8,135.8,7.36
1989-04-01,146.6,136.7,7.24
1989-05-01,147.5,137.6,7.19
1989-06-01,148.6,138.3,7.45
1989-07-01,149.6,139.1,7.55
1989-08-01,150.6,139.8,7.73
1989-09-01,151.8,140.5,8.04
1989-10-01,152.8,141.4,8.06
1989-11-01,154.1,142.0,8.52
1989-12-01,154.9,142.7,8.55
1990-01-01,156.0,143.8,8.48
1990-02-01,157.1,144.9,8.42
1990-03-01,158.3,145.8,8.57
1990-04-01,159.6,146.6,8.87
1990-05-01,160.8,147.5,9.02
1990-06-01,162.0,148.6,9.02
1990-07-01,163.4,149.6,9.22
1990-08-01,164.8,150.6,9.43
1990-09-01,165.9,151.8,9.29
1990-10-01,167.3,152.8,9.49
1990-11-01,168.7,154.1,9.47
1990-12-01,169.8,154.9,9.62
1991-01-01,171.0,156.0,9.62
1991-02-01,172.1,157.1,9.55
1991-03-01,173.2,158.3,9.41
1991-04-01,174.3,159.6,9.21
1991-05-01,175.2,160.8,8.96
1991-06-01,176.4,162.0,8.89
1991-07-01,177.4,163.4,8.57
1991-08-01,178.8,164.8,8.5
1991-09-01,179.9,165.9,8.44
1991-10-01,180.9,167.3,8.13
1991-11-01,181.9,168.7,7.82
1991-12-01,183.1,169.8,7.83
1992-01-01,184.3,171.0,7.78
1992-02-01,185.6,172.1,7.84
1992-03-01,186.8,173.2,7.85
1992-04-01,187.9,174.3,7.8
1992-05-01,188.7,175.2,7.71
1992-06-01,189.6,176.4,7.48
1992-07-01,190.6,177.4,7.44
1992-08-01,191.5,178.8,7.1
1992-09-01,192.4,179.9,6.95
1992-10-01,193.5,180.9,6.97
1992-11-01,194.5,181.9,6.93
1992-12-01,195.3,183.1,6.66
1993-01-01,196.4,184.3,6.57
1993-02-01,197.4,185.6,6.36
1993-03-01,198.1,186.8,6.05
1993-04-01,199.1,187.9,5.96
1993-05-01,200.5,188.7,6.25
1993-06-01,201.3,189.6,6.17
1993-07-01,202.2,190.6,6.09
1993-08-01,202.8,191.5,5.9
1993-09-01,203.6,192.4,5.82
1993-10-01,204.5,193.5,5.68
1993-11-01,205.1,194.5,5.45
1993-12-01,205.8,195.3,5.38
1994-01-01,206.4,196.4,5.09
1994-02-01,207.2,197.4,4.96
1994-03-01,207.9,198.1,4.95
1994-04-01,209.0,199.1,4.97
1994-05-01,209.7,200.5,4.59
1994-06-01,210.5,201.3,4.57
1994-07-01,211.3,202.2,4.5
1994-08-01,212.2,202.8,4.64
1994-09-01,213.1,203.6,4.67
1994-10-01,214.1,204.5,4.69
1994-11-01,215.0,205.1,4.83
1994-12-01,215.9,205.8,4.91
1995-01-01,216.6,206.4,4.94
1995-02-01,217.4,207.2,4.92
1995-03-01,218.1,207.9,4.91
1995-04-01,218.6,209.0,4.59
1995-05-01,219.2,209.7,4.53
1995-06-01,219.9,210.5,4.47
1995-07-01,220.6,211.3,4.4
1995-08-01,221.6,212.2,4.43
1995-09-01,222.4,213.1,4.36
1995-10-01,223.0,214.1,4.16
1995-11-01,223.7,215.0,4.05
1995-12-01,224.3,215.9,3.89
1996-01-01,225.2,216.6,3.97
1996-02-01,225.7,217.4,3.82
1996-03-01,226.2,218.1,3.71
1996-04-01,226.8,218.6,3.75
1996-05-01,227.4,219.2,3.74
1996-06-01,228.0,219.9,3.68
1996-07-01,228.6,220.6,3.63
1996-08-01,229.1,221.6,3.38
1996-09-01,229.7,222.4,3.28
1996-10-01,230.3,223.0,3.27
1996-11-01,231.0,223.7,3.26
1996-12-01,231.2,224.3,3.08
1997-01-01,231.8,225.2,2.93
1997-02-01,232.2,225.7,2.88
1997-03-01,233.0,226.2,3.01
1997-04-01,233.5,226.8,2.95
1997-05-01,234.1,227.4,2.95
1997-06-01,234.4,228.0,2.81
1997-07-01,234.7,228.6,2.67
1997-08-01,235.1,229.1,2.62
1997-09-01,235.5,229.7,2.53
1997-10-01,236.1,230.3,2.52
1997-11-01,236.9,231.0,2.55
1997-12-01,237.8,231.2,2.85
1998-01-01,238.1,231.8,2.72
1998-02-01,238.8,232.2,2.84
1998-03-01,239.4,233.0,2.75
1998-04-01,240.3,233.5,2.91
1998-05-01,241.2,234.1,3.03
1998-06-01,241.8,234.4,3.16
1998-07-01,242.5,234.7,3.32
1998-08-01,243.3,235.1,3.49
1998-09-01,244.1,235.5,3.65
1998-10-01,244.8,236.1,3.68
1998-11-01,245.3,236.9,3.55
1998-12-01,245.9,237.8,3.41
1999-01-01,246.5,238.1,3.53
1999-02-01,247.3,238.8,3.56
1999-03-01,247.9,239.4,3.55
1999-04-01,248.7,240.3,3.5
1999-05-01,249.3,241.2,3.36
1999-06-01,250.0,241.8,3.39
1999-07-01,250.9,242.5,3.46
1999-08-01,251.7,243.3,3.45
1999-09-01,252.5,244.1,3.44
1999-10-01,253.1,244.8,3.39
1999-11-01,253.9,245.3,3.51
1999-12-01,254.9,245.9,3.66
2000-01-01,255.6,246.5,3.69
2000-02-01,256.5,247.3,3.72
2000-03-01,257.7,247.9,3.95
2000-04-01,258.4,248.7,3.9
2000-05-01,259.2,249.3,3.97
2000-06-01,260.3,250.0,4.12
2000-07-01,261.2,250.9,4.11
2000-08-01,262.4,251.7,4.25
2000-09-01,263.3,252.5,4.28
2000-10-01,264.1,253.1,4.35
2000-11-01,264.7,253.9,4.25
2000-12-01,265.6,254.9,4.2
2001-01-01,267.2,255.6,4.54
2001-02-01,268.3,256.5,4.6
2001-03-01,269.4,257.7,4.54
2001-04-01,270.4,258.4,4.64
2001-05-01,271.3,259.2,4.67
2001-06-01,272.4,260.3,4.65
2001-07-01,272.8,261.2,4.44
2001-08-01,274.3,262.4,4.54
2001-09-01,275.2,263.3,4.52
2001-10-01,276.3,264.1,4.62
2001-11-01,277.4,264.7,4.8
2001-12-01,278.2,265.6,4.74
2002-01-01,279.8,267.2,4.72
2002-02-01,280.4,268.3,4.51
2002-03-01,281.4,269.4,4.45
2002-04-01,282.7,270.4,4.55
2002-05-01,283.9,271.3,4.64
2002-06-01,284.6,272.4,4.48
2002-07-01,286.4,272.8,4.99
2002-08-01,287.2,274.3,4.7
2002-09-01,288.1,275.2,4.69
2002-10-01,289.8,276.3,4.89
2002-11-01,291.2,277.4,4.97
2002-12-01,292.1,278.2,5.0
2003-01-01,292.7,279.8,4.61
2003-02-01,293.0,280.4,4.49
2003-03-01,293.4,281.4,4.26
2003-04-01,294.0,282.7,4.0
2003-05-01,295.2,283.9,3.98
2003-06-01,296.1,284.6,4.04
2003-07-01,297.4,286.4,3.84
2003-08-01,298.3,287.2,3.86
2003-09-01,299.8,288.1,4.06
2003-10-01,300.4,289.8,3.66
2003-11-01,301.4,291.2,3.5
2003-12-01,303.0,292.1,3.73
2004-01-01,303.8,292.7,3.79
2004-02-01,305.2,293.0,4.16
2004-03-01,306.5,293.4,4.46
2004-04-01,307.8,294.0,4.69
2004-05-01,308.6,295.2,4.54
2004-06-01,309.8,296.1,4.63
2004-07-01,310.8,297.4,4.51
2004-08-01,311.8,298.3,4.53
2004-09-01,312.9,299.8,4.37
2004-10-01,314.0,300.4,4.53
2004-11-01,314.7,301.4,4.41
2004-12-01,315.8,303.0,4.22
2005-01-01,316.9,303.8,4.31
2005-02-01,318.4,305.2,4.33
2005-03-01,319.7,306.5,4.31
2005-04-01,320.7,307.8,4.19
2005-05-01,321.8,308.6,4.28
2005-06-01,322.8,309.8,4.2
2005-07-01,324.1,310.8,4.28
2005-08-01,324.2,311.8,3.98
2005-09-01,325.3,312.9,3.96
2005-10-01,326.9,314.0,4.11
2005-11-01,328.7,314.7,4.45
2005-12-01,329.2,315.8,4.24
2006-01-01,329.6,316.9,4.01
2006-02-01,331.2,318.4,4.02
2006-03-01,332.6,319.7,4.04
2006-04-01,333.8,320.7,4.08
2006-05-01,335.0,321.8,4.1
2006-06-01,336.0,322.8,4.09
2006-07-01,336.9,324.1,3.95
2006-08-01,338.1,324.2,4.29
2006-09-01,339.1,325.3,4.24
2006-10-01,340.0,326.9,4.01
2006-11-01,340.8,328.7,3.68
2006-12-01,341.2,329.2,3.65
2007-01-01,343.579,329.6,4.24
2007-02-01,345.35,331.2,4.27
2007-03-01,345.899,332.6,4.0
2007-04-01,347.32,333.8,4.05
2007-05-01,348.491,335.0,4.03
2007-06-01,349.513,336.0,4.02
2007-07-01,351.719,336.9,4.4
2007-08-01,353.376,338.1,4.52
2007-09-01,354.531,339.1,4.55
2007-10-01,356.343,340.0,4.81
2007-11-01,357.75,340.8,4.97
2007-12-01,358.908,341.2,5.19
2008-01-01,360.463,343.579,4.91
2008-02-01,360.75,345.35,4.46
2008-03-01,361.533,345.899,4.52
2008-04-01,362.072,347.32,4.25
2008-05-01,362.658,348.491,4.07
2008-06-01,363.671,349.513,4.05
2008-07-01,364.156,351.719,3.54
2008-08-01,364.977,353.376,3.28
2008-09-01,365.841,354.531,3.19
2008-10-01,366.53,356.343,2.86
2008-11-01,367.459,357.75,2.71
2008-12-01,368.748,358.908,2.74
2009-01-01,369.824,360.463,2.6
2009-02-01,370.853,360.75,2.8
2009-03-01,371.705,361.533,2.81
2009-04-01,373.077,362.072,3.04
2009-05-01,374.359,362.658,3.23
2009-06-01,375.177,363.671,3.16
2009-07-01,376.001,364.156,3.25
2009-08-01,377.091,364.977,3.32
2009-09-01,378.359,365.841,3.42
2009-10-01,379.291,366.53,3.48
2009-11-01,380.45,367.459,3.54
2009-12-01,381.111,368.748,3.35
2010-01-01,382.742,369.824,3.49
2010-02-01,384.308,370.853,3.63
2010-03-01,385.712,371.705,3.77
2010-04-01,386.589,373.077,3.62
2010-05-01,387.094,374.359,3.4
2010-06-01,388.188,375.177,3.47
2010-07-01,388.123,376.001,3.22
2010-08-01,389.059,377.091,3.17
2010-09-01,391.288,378.359,3.42
2010-10-01,391.926,379.291,3.33
2010-11-01,392.535,380.45,3.18
2010-12-01,393.514,381.111,3.25
2011-01-01,394.072,382.742,2.96
2011-02-01,395.518,384.308,2.92
2011-03-01,396.29,385.712,2.74
2011-04-01,397.701,386.589,2.87
2011-05-01,398.721,387.094,3.0
2011-06-01,399.416,388.188,2.89
2011-07-01,400.539,388.123,3.2
2011-08-01,401.387,389.059,3.17
2011-09-01,402.202,391.288,2.79
2011-10-01,404.068,391.926,3.1
2011-11-01,405.751,392.535,3.37
2011-12-01,407.23,393.514,3.49
2012-01-01,408.394,394.072,3.63
2012-02-01,408.89,395.518,3.38
2012-03-01,410.257,396.29,3.52
2012-04-01,411.475,397.701,3.46
2012-05-01,412.864,398.721,3.55
2012-06-01,415.289,399.416,3.97
2012-07-01,417.004,400.539,4.11
2012-08-01,417.555,401.387,4.03
2012-09-01,418.453,402.202,4.04
2012-10-01,419.07,404.068,3.71
2012-11-01,419.509,405.751,3.39
2012-12-01,420.321,407.23,3.21
2013-01-01,421.114,408.394,3.11
2013-02-01,421.601,408.89,3.11
2013-03-01,423.089,410.257,3.13
2013-04-01,423.025,411.475,2.81
2013-05-01,422.316,412.864,2.29
2013-06-01,424.286,415.289,2.17
2013-07-01,425.008,417.004,1.92
2013-08-01,427.168,417.555,2.3
2013-09-01,428.29,418.453,2.35
2013-10-01,428.586,419.07,2.27
2013-11-01,428.485,419.509,2.14
2013-12-01,428.622,420.321,1.97
2014-01-01,429.989,421.114,2.11
2014-02-01,431.137,421.601,2.26
2014-03-01,432.211,423.089,2.16
2014-04-01,433.26,423.025,2.42
2014-05-01,434.262,422.316,2.83
2014-06-01,435.187,424.286,2.57
2014-07-01,435.864,425.008,2.55
2014-08-01,436.041,427.168,2.08
2014-09-01,437.091,428.29,2.05
2014-10-01,437.758,428.586,2.14
2014-11-01,439.408,428.485,2.55
2014-12-01,441.464,428.622,3.0
2015-01-01,441.351,429.989,2.64
2015-02-01,441.101,431.137,2.31
2015-03-01,442.943,432.211,2.48
2015-04-01,445.822,433.26,2.9
2015-05-01,446.743,434.262,2.87
2015-06-01,446.33,435.187,2.56
2015-07-01,446.953,435.864,2.54
2015-08-01,446.612,436.041,2.42
2015-09-01,447.648,437.091,2.42
2015-10-01,450.681,437.758,2.95
2015-11-01,452.225,439.408,2.92
2015-12-01,452.732,441.464,2.55
2016-01-01,454.194,441.351,2.91
2016-02-01,456.922,441.101,3.59
2016-03-01,457.723,442.943,3.34
2016-04-01,459.245,445.822,3.01
2016-05-01,460.487,446.743,3.08
2016-06-01,462.09,446.33,3.53
2016-07-01,464.439,446.953,3.91
2016-08-01,469.02,446.612,5.02
2016-09-01,469.816,447.648,4.95
2016-10-01,469.749,450.681,4.23
2016-11-01,469.914,452.225,3.91
2016-12-01,470.539,452.732,3.93
2017-01-01,471.484,454.194,3.81
2017-02-01,473.139,456.922,3.55
2017-03-01,473.685,457.723,3.49
2017-04-01,473.007,459.245,3.0
2017-05-01,472.981,460.487,2.71
2017-06-01,474.492,462.09,2.68
2017-07-01,476.279,464.439,2.55
2017-08-01,477.199,469.02,1.74
2017-09-01,477.19,469.816,1.57
2017-10-01,477.671,469.749,1.69
2017-11-01,477.791,469.914,1.68
2017-12-01,478.891,470.539,1.77
2018-01-01,480.797,471.484,1.98
2018-02-01,481.6,473.139,1.79
2018-03-01,483.078,473.685,1.98
2018-04-01,483.577,473.007,2.23
2018-05-01,484.543,472.981,2.44
2018-06-01,486.209,474.492,2.47
2018-07-01,485.246,476.279,1.88
2018-08-01,484.273,477.199,1.48
2018-09-01,485.039,477.19,1.64
2018-10-01,485.652,477.671,1.67
2018-11-01,487.615,477.791,2.06
2018-12-01,488.82,478.891,2.07
2019-01-01,489.968,480.797,1.91
2019-02-01,490.16,481.6,1.78
2019-03-01,491.412,483.078,1.73
2019-04-01,492.97,483.577,1.94
2019-05-01,494.859,484.543,2.13
2019-06-01,495.745,486.209,1.96
2019-07-01,497.714,485.246,2.57
2019-08-01,500.662,484.273,3.38
2019-09-01,501.71,485.039,3.44
2019-10-01,506.433,485.652,4.28
2019-11-01,508.315,487.615,4.25
2019-12-01,510.875,488.82,4.51
2020-01-01,511.854,489.968,4.47
2020-02-01,512.967,490.16,4.65
2020-03-01,514.743,491.412,4.75
2020-04-01,516.77,492.97,4.83
2020-05-01,519.152,494.859,4.91
2020-06-01,520.867,495.745,5.07
2020-07-01,522.675,497.714,5.02
2020-08-01,522.922,500.662,4.45
2020-09-01,522.947,501.71,4.23
2020-10-01,520.943,506.433,2.87
2020-11-01,520.567,508.315,2.41
2020-12-01,519.866,510.875,1.76
2021-01-01,521.832,511.854,1.95
2021-02-01,523.675,512.967,2.09
2021-03-01,524.024,514.743,1.8
2021-04-01,524.465,516.77,1.49
2021-05-01,523.97,519.152,0.93
2021-06-01,523.099,520.867,0.43
2021-07-01,524.307,522.675,0.31
2021-08-01,524.693,522.922,0.34
2021-09-01,524.874,522.947,0.37
2021-10-01,527.649,520.943,1.29
2021-11-01,529.542,520.567,1.72
2021-12-01,531.045,519.866,2.15
2022-01-01,534.695,521.832,2.46
2022-02-01,536.583,523.675,2.46
2022-03-01,539.05,524.024,2.87
2022-04-01,541.376,524.465,3.22
2022-05-01,543.544,523.97,3.74
2022-06-01,546.741,523.099,4.52
2022-07-01,549.846,524.307,4.87
2022-08-01,552.902,524.693,5.38
2022-09-01,556.309,524.874,5.99
2022-10-01,554.065,527.649,5.01
2022-11-01,551.498,529.542,4.15
2022-12-01,552.002,531.045,3.95
2023-01-01,550.992,534.695,3.05
2023-02-01,549.313,536.583,2.37
2023-03-01,547.138,539.05,1.5
2023-04-01,546.99,541.376,1.04
2023-05-01,547.446,543.544,0.72
2023-06-01,547.299,546.741,0.1
2023-07-01,547.141,549.846,-0.49
2023-08-01,547.687,552.902,-0.94
2023-09-01,548.398,556.309,-1.42
2023-10-01,549.793,554.065,-0.77
2023-11-01,552.42,551.498,0.17
2023-12-01,554.406,552.002,0.44
2024-01-01,556.741,550.992,1.04
2024-02-01,557.163,549.313,1.43
2024-03-01,559.269,547.138,2.22
2024-04-01,561.275,546.99,2.61
2024-05-01,564.191,547.446,3.06
2024-06-01,564.997,547.299,3.23
2024-07-01,564.593,547.141,3.19
2024-08-01,564.183,547.687,3.01
2024-09-01,566.256,548.398,3.26
2024-10-01,567.974,549.793,3.31
2024-11-01,569.476,552.42,3.09
2024-12-01,570.11,554.406,2.83
2025-01-01,571.366,556.741,2.63
2025-02-01,573.284,557.163,2.89
2025-03-01,574.069,559.269,2.65
2025-04-01,576.548,561.275,2.72
2025-05-01,578.073,564.191,2.46
2025-06-01,580.527,564.997,2.75
2025-07-01,584.45,564.593,3.52
2025-08-01,583.809,564.183,3.48
2025-09-01,584.872,566.256,3.29
2025-10-01,,567.974,
2025-11-01,585.987,569.476,2.9
2025-12-01,588.092,570.11,3.15
2026-01-01,589.61,571.366,3.19
2026-02-01,592.554,573.284,3.36
2026-03-01,591.587,574.069,3.05
2026-04-01,591.202,576.548,2.54
2026-05-01,593.057,578.073,2.59
2026-06-01,,580.527,
